Customerid,FirstName,LastName,Company,City,Country,SubscriptionDate
1,Sheryl,Baxter,Rasmussen Group,East Leonard,Chile,24-08-2020
2,Preston,Lozano,Vega-Gentry,East Jimmychester,Djibouti,23-04-2021
3,Roy,Berry,Murillo-Perry,Isabelborough,Antigua and Barbuda,25-03-2020
4,Linda,Olsen,"Dominguez, Mcmillan and Donovan",Bensonview,Dominican Republic,02-06-2020
5,Joanna,Bender,"Martin, Lang and Andrade",West Priscilla,Slovakia (Slovak Republic),17-04-2021
6,Aimee,Downs,Steele Group,Chavezborough,Bosnia and Herzegovina,25-02-2020
7,Darren,Peck,"Lester, Woodard and Mitchell",Lake Ana,Pitcairn Islands,24-08-2021
8,Brett,Mullen,"Sanford, Davenport and Giles",Kimport,Bulgaria,12-04-2021
9,Sheryl,Meyers,Browning-Simon,Robersonstad,Cyprus,13-01-2020
10,Michelle,Gallagher,Beck-Hendrix,Elaineberg,Timor-Leste,08-11-2021
11,Carl,Schroeder,"Oconnell, Meza and Everett",Shannonville,Guernsey,20-10-2021
12,Jenna,Dodson,"Hoffman, Reed and Mcclain",East Andrea,Vietnam,29-11-2020
13,Tracey,Mata,Graham-Francis,South Joannamouth,Togo,02-12-2021
14,Kristine,Cox,Carpenter-Cook,Jodyberg,Sri Lanka,08-02-2021
15,Faith,Lutz,Carter-Hancock,Burchbury,Singapore,26-01-2022
16,Miranda,Beasley,Singleton and Sons,Desireeshire,Oman,12-04-2022
17,Caroline,Foley,Winters-Mendoza,West Adriennestad,Western Sahara,10-03-2021
18,Greg,Mata,Valentine LLC,Lake Leslie,Mozambique,26-03-2022
19,Clifford,Jacobson,Simon LLC,Harmonview,South Georgia and the South Sandwich Islands,24-09-2020
20,Joanna,Kirk,Mays-Mccormick,Jamesshire,French Polynesia,24-09-2021
21,Maxwell,Frye,Patterson Inc,East Carly,Malta,12-01-2022
22,Kiara,Houston,"Manning, Hester and Arroyo",South Alvin,Netherlands,15-09-2020
23,Colleen,Howard,Greer and Sons,Brittanyview,Paraguay,19-08-2020
24,Janet,Valenzuela,Watts-Donaldson,Veronicamouth,Lao People's Democratic Republic,08-09-2020
25,Shane,Wilcox,Tucker LLC,Bryanville,Albania,06-04-2021
26,Marcus,Moody,Giles Ltd,Kaitlyntown,Panama,24-05-2022
27,Dakota,Poole,Simmons Group,Michealshire,Belarus,20-02-2022
28,Frederick,Harper,"Hinton, Chaney and Stokes",South Marissatown,Switzerland,26-05-2022
29,Stefanie,Fitzpatrick,Santana-Duran,Acevedoville,Saint Vincent and the Grenadines,30-07-2020
30,Kent,Bradshaw,Sawyer PLC,North Harold,Tanzania,26-04-2020
31,Jack,Tate,"Acosta, Petersen and Morrow",West Samuel,Zimbabwe,15-09-2021
32,Tom,Trujillo,Mcgee Group,Cunninghamborough,Denmark,13-01-2022
33,Gabriel,Mejia,Adkins-Salinas,Port Annatown,Liechtenstein,24-04-2021
34,Kaitlyn,Santana,Herrera Group,New Kaitlyn,United States of America,21-09-2021
35,Faith,Moon,"Waters, Chase and Aguilar",West Marthaburgh,Bahamas,03-11-2021
36,Tammie,Haley,"Palmer, Barnes and Houston",East Teresa,Belize,04-01-2022
37,Nicholas,Sosa,Jordan Ltd,South Hunter,Uruguay,10-08-2021
38,Jordan,Gay,Glover and Sons,South Walter,Solomon Islands,24-02-2021
39,Bruce,Esparza,Huerta-Mclean,Poolefurt,Montenegro,22-10-2021
40,Sherry,Garza,Anderson Ltd,West John,Poland,01-11-2021
41,Natalie,Gentry,Monroe PLC,West Darius,Dominican Republic,10-10-2020
42,Bryan,Dunn,Kaufman and Sons,North Jimstad,Burkina Faso,08-09-2021
43,Wayne,Simpson,Perkins-Trevino,East Rebekahborough,Bolivia,13-12-2020
44,Luis,Greer,Cross PLC,North Drew,Bulgaria,15-05-2022
45,Rhonda,Frost,"Herrera, Shepherd and Underwood",Lake Lindaburgh,Monaco,06-12-2021
46,Joanne,Montes,"Price, Sexton and Mcdaniel",Gwendolynview,Palau,01-07-2020
47,Geoffrey,Guzman,Short-Wiggins,Zimmermanland,Uzbekistan,23-04-2020
48,Gloria,Mccall,"Brennan, Acosta and Ramos",North Kerriton,Ghana,11-03-2022
49,Brady,Cohen,Osborne-Erickson,North Eileenville,United Arab Emirates,10-03-2022
50,Latoya,Mccann,"Hobbs, Garrett and Sanford",Port Sergiofort,Belarus,02-12-2021
51,Gerald,Hawkins,"Phelps, Forbes and Koch",New Alberttown,Canada,19-03-2021
52,Samuel,Crawford,"May, Goodwin and Martin",South Jasmine,Algeria,27-03-2021
53,Patricia,Goodwin,"Christian, Winters and Ellis",Cowanfort,Swaziland,08-03-2021
54,Stacie,Richard,Byrd Inc,New Deborah,Madagascar,15-10-2020
55,Robin,West,"Nixon, Blackwell and Sosa",Wallstown,Ecuador,13-01-2022
56,Ralph,Haas,Montes PLC,Lake Ellenchester,Palestinian Territory,25-05-2020
57,Phyllis,Maldonado,Costa PLC,Lake Whitney,Saint Barthelemy,25-01-2021
58,Danny,Parrish,Novak LLC,East Jaredbury,United Arab Emirates,17-03-2021
59,Kathy,Hill,"Moore, Mccoy and Glass",Selenabury,South Georgia and the South Sandwich Islands,15-11-2020
60,Kelli,Hardy,Petty Ltd,Huangfort,Sao Tome and Principe,20-12-2020
61,Lynn,Pham,"Brennan, Camacho and Tapia",East Pennyshire,Portugal,21-08-2020
62,Shelley,Harris,"Prince, Malone and Pugh",Port Jasminborough,Togo,10-12-2020
63,Eddie,Jimenez,Caldwell Group,West Kristine,Ethiopia,24-03-2022
64,Chloe,Hutchinson,Simon LLC,South Julia,Netherlands,15-05-2022
65,Eileen,Lynch,"Knight, Abbott and Hubbard",Helenborough,Liberia,02-01-2021
66,Fernando,Lambert,Church-Banks,Lake Nancy,Lithuania,23-04-2021
67,Makayla,Cannon,Henderson Inc,Georgeport,New Caledonia,20-01-2020
68,Tom,Alvarado,Donaldson-Dougherty,South Sophiaberg,Kiribati,18-08-2020
69,Virginia,Dudley,Warren Ltd,Hartbury,French Southern Territories,31-01-2021
70,Riley,Good,Wade PLC,Erikaville,Canada,03-02-2020
71,Alexandria,Buck,Keller-Coffey,Nicolasfort,Iran,20-02-2021
72,Richard,Roth,Conway-Mcbride,New Jasmineshire,Morocco,23-02-2020
73,Candice,Keller,Huynh and Sons,East Summerstad,Zimbabwe,22-08-2020
74,Anita,Benson,Parrish Ltd,Skinnerport,Russian Federation,09-02-2020
75,Regina,Stein,Guzman-Brown,Raystad,Solomon Islands,15-01-2022
76,Debra,Riddle,"Chang, Aguirre and Leblanc",Colinhaven,United States Virgin Islands,11-07-2020
77,Brittany,Zuniga,Mason-Hester,West Reginald,Kyrgyz Republic,24-07-2021
78,Cassidy,Mcmahon,"Mcguire, Huynh and Hopkins",Lake Sherryborough,Myanmar,21-10-2020
79,Laurie,Pennington,"Sanchez, Marsh and Hale",Port Katherineville,Dominica,08-06-2020
80,Alejandro,Blair,"Combs, Waller and Durham",Thomasland,Iceland,19-09-2020
81,Leslie,Jennings,Blankenship-Arias,Coreybury,Micronesia,13-11-2021
82,Kathleen,Mckay,"Coffey, Lamb and Johnson",Lake Janiceton,Saint Vincent and the Grenadines,12-09-2021
83,Hunter,Moreno,Fitzpatrick-Lawrence,East Clinton,Isle of Man,28-12-2020
84,Chad,Davidson,Garcia-Jimenez,South Joshuashire,Oman,15-11-2021
85,Corey,Holt,"Mcdonald, Bird and Ramirez",New Glenda,Fiji,18-02-2020
86,Emma,Cunningham,Stephens Inc,North Jillianview,New Zealand,13-05-2022
87,Duane,Woods,Montoya-Miller,Lyonsberg,Maldives,21-07-2020
88,Alison,Vargas,"Vaughn, Watts and Leach",East Cristinabury,Benin,10-11-2020
89,Vernon,Kane,Carter-Strickland,Thomasfurt,Yemen,15-04-2021
90,Lori,Flowers,Decker-Mcknight,North Joeburgh,Namibia,09-01-2021
91,Nina,Chavez,Byrd-Campbell,Cassidychester,Bhutan,26-03-2020
92,Shane,Foley,Rocha-Hart,South Dannymouth,Hungary,06-07-2021
93,Collin,Ayers,Lamb-Peterson,South Lonnie,Anguilla,29-06-2021
94,Sherry,Young,"Lee, Lucero and Johnson",Frankchester,Solomon Islands,04-04-2021
95,Darrell,Douglas,"Newton, Petersen and Mathis",Daisyborough,Mali,17-02-2022
96,Karl,Greer,Carey LLC,East Richard,Guyana,30-01-2022
97,Lynn,Atkinson,"Ware, Burns and Oneal",New Bradview,Sri Lanka,10-07-2021
98,Fred,Guerra,Schmitt-Jones,Ortegaland,Solomon Islands,18-09-2021
99,Yvonne,Farmer,Fitzgerald-Harrell,Lake Elijahview,Aruba,11-08-2021
100,Clarence,Haynes,"Le, Nash and Cross",Judymouth,Honduras,11-03-2020
